INSERT INTO `rol`( `Nombre`, `Descripcion`) VALUES ('Cajera','Cajera');
INSERT INTO `rol`( `Nombre`, `Descripcion`) VALUES ('Recepcionista','Recepcionista');
INSERT INTO `rol`( `Nombre`, `Descripcion`) VALUES ('Admin','Admin');

INSERT INTO `persona` (`Id`, `Ci`, `Nombre`, `Apellido`, `Fecha_nac`, `Email`, `Celular`, `Dirrecion`, `Observaciones`, `ControlIdPassword`, `ControlIdName`, `ControlIdSalt`, `ControlIdRegistration`, `ControlId`, `ControlIdBegin_time`, `ControlIdEnd_time`) VALUES
(1, '8963497', 'stiven', 'lovera', '0001-01-01 00:00:00.000000', 'stivenlovera@gmail.com', '75679775', NULL, NULL, NULL, 'stiven', '', '', 0, 1666483200, 1666483200);

INSERT INTO `usuario`( `User`, `Password`, `PersonaId`) VALUES ('admin','admin',1);
INSERT INTO `rolusuario`(`Id`, `RolId`, `UsuarioId`) VALUES ('1',3,1);

INSERT INTO `metodopago`( `NombreMetodo`, `PlanCuenta`, `PlanId`,`PlanCuentaPadre`, `PlanaPadreId`) VALUES ('Efectivo','Efectivo','11101M01','Servicios','50101M02');
INSERT INTO `metodopago`( `NombreMetodo`, `PlanCuenta`, `PlanId`,`PlanCuentaPadre`, `PlanaPadreId`) VALUES ('QR','Bancos','11101M02','Servicios','50101M02');
INSERT INTO `metodopago`( `NombreMetodo`, `PlanCuenta`, `PlanId`,`PlanCuentaPadre`, `PlanaPadreId`) VALUES ('Tarjeta','Cuentas por Cobrar Comerciales','11301M01','Servicios','50101M02');

INSERT INTO `tipomovimiento`(`NombreMovimiento`) VALUES ('Egreso');
INSERT INTO `tipomovimiento`(`NombreMovimiento`) VALUES ('Ingreso');

INSERT INTO `plancuentagrupo` (`Id`, `Codigo`, `NombreCuenta`, `Moneda`, `Valor`, `Nivel`, `Debe`, `Haber`) VALUES
(1, '1', 'ACTIVO', '0.00', '0.00', 'Grupo', '0.00', '0.00'),
(2, '2', 'PASIVO', '0.00', '0.00', 'Grupo', '0.00', '0.00'),
(3, '31', 'PATRIMONIO', '0.00', '0.00', 'Grupo', '0.00', '0.00'),
(4, '4', 'EGRESOS', '0.00', '0.00', 'Grupo', '0.00', '0.00'),
(5, '5', 'INGRESOS', '0.00', '0.00', 'Grupo', '0.00', '0.00');

INSERT INTO `plancuentarubro` (`Id`, `Codigo`, `NombreCuenta`, `Moneda`, `Valor`, `Nivel`, `Debe`, `Haber`, `PlanCuentaGrupoId`) VALUES
(1, '01', 'INGRESOS OPERACIONALES', '0.00', '0.00', 'Rubro', '100.00', '0.00', 5),
(2, '1', 'ACTIVO CORRIENTE', '0.00', '0.00', 'Rubro', '100.00', '0.00', 1),
(3, '2', 'ACTIVO NO CORRIENTE', '0.00', '0.00', 'Rubro', '100.00', '0.00', 1),
(4, '1', 'PASIVO CORRIENTE', '0.00', '0.00', 'Rubro', '100.00', '0.00', 2),
(5, '2', 'PASIVO NO CORRIENTE', '0.00', '0.00', 'Rubro', '100.00', '0.00', 2),
(6, '1', 'CAPITAL PAGADO', '0.00', '0.00', 'Rubro', '100.00', '0.00', 3),
(7, '2', 'APORTES NO CAPITALIZADOS', '0.00', '0.00', 'Rubro', '100.00', '0.00', 3),
(8, '3', 'AJUSTE GLOBAL DEL PATRIMONIO', '0.00', '0.00', 'Rubro', '100.00', '0.00', 3),
(9, '4', 'RESERVA PARA REVALORIZACION DE ACTIVOS FIJOS', '0.00', '0.00', 'Rubro', '100.00', '0.00', 3),
(10, '5', 'RESERVAS', '0.00', '0.00', 'Rubro', '100.00', '0.00', 3),
(11, '6', 'RESULTADOS ACUMULADOS', '0.00', '0.00', 'Rubro', '100.00', '0.00', 3),
(12, '7', 'RESULTADOS DE LA GESTION', '0.00', '0.00', 'Rubro', '100.00', '0.00', 3),
(13, '01', 'EGRESOS OPERACIONALES', '0.00', '0.00', 'Rubro', '100.00', '0.00', 4),
(14, '02', 'EGRESOS NO OPERACIONALES', '0.00', '0.00', 'Rubro', '100.00', '0.00', 4),
(15, '03', 'GASTOS DE GESTIONES ANTERIORES', '0.00', '0.00', 'Rubro', '100.00', '0.00', 4),
(16, '04', 'GASTOS EXTRAORDINARIOS', '0.00', '0.00', 'Rubro', '100.00', '0.00', 4),
(17, '05', 'GASTOS FINANCIEROS', '0.00', '0.00', 'Rubro', '100.00', '0.00', 4),
(18, '06', 'IMPUESTOS A LAS UTILIDADES DE LAS EMPRESAS', '0.00', '0.00', 'Rubro', '100.00', '0.00', 4),
(19, '02', 'INGRESOS NO OPERACIONALES', '0.00', '0.00', 'Rubro', '100.00', '0.00', 5),
(20, '03', 'INGRESOS DE GESTIONES ANTERIORES', '0.00', '0.00', 'Rubro', '100.00', '0.00', 5),
(21, '04', 'INGRESOS EXTRAORDINARIOS', '0.00', '0.00', 'Rubro', '100.00', '0.00', 5);


INSERT INTO `plancuentatitulo` (`Id`, `Codigo`, `NombreCuenta`, `Moneda`, `Valor`, `Nivel`, `Debe`, `Haber`, `PlanCuentaRubroId`) VALUES
(1, '1', 'DISPONIBILIDADES', '0.00', '0.00', 'Titulo', '0.00', '0.00', 2),
(2, '2', 'INVERSIONES A CORTO PLAZO', '0.00', '0.00', 'Titulo', '0.00', '0.00', 2),
(3, '3', 'CUENTAS POR COBRAR A CORTO PLAZO', '0.00', '0.00', 'Titulo', '0.00', '0.00', 2),
(4, '4', 'ANTICIPO A PROVEEDORES', '0.00', '0.00', 'Titulo', '0.00', '0.00', 2),
(5, '5', 'INVENTARIOS', '0.00', '0.00', 'Titulo', '0.00', '0.00', 2),
(6, '1', 'INVERSIONES A LARGO PLAZO', '0.00', '0.00', 'Titulo', '0.00', '0.00', 3),
(7, '2', 'INVERSIONES EN EMPRESAS RELACIONADAS Y/O VINCULADAS', '0.00', '0.00', 'Titulo', '0.00', '0.00', 3),
(8, '3', 'CUENTAS POR COBRAR A LARGO PLAZO', '0.00', '0.00', 'Titulo', '0.00', '0.00', 3),
(9, '4', 'ACTIVO FIJO NETO', '0.00', '0.00', 'Titulo', '0.00', '0.00', 3),
(10, '5', 'BIENES ARRENDADOS', '0.00', '0.00', 'Titulo', '0.00', '0.00', 3),
(11, '6', 'ACTIVOS INTANGIBLES', '0.00', '0.00', 'Titulo', '0.00', '0.00', 3),
(12, '7', 'CARGOS DIFERIDOS', '0.00', '0.00', 'Titulo', '0.00', '0.00', 3),
(13, '1', 'DEUDAS COMERCIALES CORTO PLAZO', '0.00', '0.00', 'Titulo', '0.00', '0.00', 4),
(14, '2', 'DEUDAS BANCARIAS Y FINANCIERAS A CORTO PLAZO', '0.00', '0.00', 'Titulo', '0.00', '0.00', 4),
(15, '3', 'DEUDA POR EMISION DE VALORES CORTO PLAZO', '0.00', '0.00', 'Titulo', '0.00', '0.00', 4),
(16, '4', 'DEUDAS POR PAGAR CON EMP. REL Y/O VINCULADAS A CORTO PLAZO', '0.00', '0.00', 'Titulo', '0.00', '0.00', 4),
(17, '5', 'OTRAS CUENTAS POR PAGAR A CORTO PLAZO', '0.00', '0.00', 'Titulo', '0.00', '0.00', 4),
(18, '6', 'INGRESOS PERCIBIDOS POR ADELANTADO A CORTO PLAZO', '0.00', '0.00', 'Titulo', '0.00', '0.00', 4),
(19, '7', 'ANTICIPOS RECIBIDOS', '0.00', '0.00', 'Titulo', '0.00', '0.00', 4),
(20, '8', 'OTROS PASIVOS A CORTO PLAZO', '0.00', '0.00', 'Titulo', '0.00', '0.00', 4),
(21, '1', 'DEUDAS COMERCIALES A LARGO PLAZO', '0.00', '0.00', 'Titulo', '0.00', '0.00', 5),
(22, '2', 'DEUDAS BANCARIAS Y FINANCIERAS A LARGO PLAZO', '0.00', '0.00', 'Titulo', '0.00', '0.00', 5),
(23, '3', 'DEUDAS POR EMISION DE VALORES A LARGO PLAZO', '0.00', '0.00', 'Titulo', '0.00', '0.00', 5),
(24, '4', 'DEUDAS POR PAGAR CON EMP. REL. Y/O VINCULADAS A LARGO PLAZO', '0.00', '0.00', 'Titulo', '0.00', '0.00', 5),
(25, '5', 'OTRAS CUENTAS POR PAGAR A LARGO PLAZO', '0.00', '0.00', 'Titulo', '0.00', '0.00', 5),
(26, '6', 'INGRESOS PERCIBIDOS POR ADELANTADO A LARGO PLAZO', '0.00', '0.00', 'Titulo', '0.00', '0.00', 5),
(27, '7', 'OTROS PASIVOS A LARGO PLAZO', '0.00', '0.00', 'Titulo', '0.00', '0.00', 5),
(28, '8', 'PREVISIONES', '0.00', '0.00', 'Titulo', '0.00', '0.00', 5),
(29, '01M', 'GASTOS ADMINISTRATIVOS', '0.00', '0.00', 'Titulo', '0.00', '0.00', 13),
(30, '02M', 'GASTOS DE COMERCIALIZACION', '0.00', '0.00', 'Titulo', '0.00', '0.00', 13),
(31, '01M', 'AJUSTES POR INFLACION Y TENENCIA DE BIENES', '0.00', '0.00', 'Titulo', '0.00', '0.00', 14),
(32, '01', 'INGRESOS POR VENTAS Y SERVICIOS', '0.00', '0.00', 'Titulo', '0.00', '0.00', 1),
(33, '02', 'COSTO DE VENTA Y SERVICIO', '0.00', '0.00', 'Titulo', '0.00', '0.00', 1),
(34, '01', 'RENDIMIENTO POR INVERSIONES', '0.00', '0.00', 'Titulo', '0.00', '0.00', 19),
(35, '02', 'OTROS INGRESOS', '0.00', '0.00', 'Titulo', '0.00', '0.00', 19),
(36, '03', 'AJUSTES POR INFLACION Y TENENCIA DE BIENES', '0.00', '0.00', 'Titulo', '0.00', '0.00', 19),
(37, '6', 'GASTOS PAGADOS POR ADELANTADO', '0.00', '0.00', 'Titulo', '0.00', '0.00', 2),
(38, '7', 'OTROS ACTIVOS CORTO PLAZO', '0.00', '0.00', 'Titulo', '0.00', '0.00', 2),
(39, '8', 'OTROS ACTIVOS LARGO PLAZO', '0.00', '0.00', 'Titulo', '0.00', '0.00', 3),
(40, '01M', 'Acciones Ordinarias', '0.00', '0.00', 'Titulo', '0.00', '0.00', 6),
(41, '02M', 'Acciones Preferidas', '0.00', '0.00', 'Titulo', '0.00', '0.00', 6),
(42, '03M', 'Aportes a Capital Otras Sociedades', '0.00', '0.00', 'Titulo', '0.00', '0.00', 6),
(43, '01M', 'Prima en Emisión de Acciones', '0.00', '0.00', 'Titulo', '0.00', '0.00', 7),
(44, '02M', 'Aportes para Futuros Aumentos de Capital', '0.00', '0.00', 'Titulo', '0.00', '0.00', 7),
(45, '01M', 'Revalorización de Activos', '0.00', '0.00', 'Titulo', '0.00', '0.00', 9),
(46, '01M', 'Reserva Legal', '0.00', '0.00', 'Titulo', '0.00', '0.00', 10),
(47, '02M', 'Reservas Voluntarias', '0.00', '0.00', 'Titulo', '0.00', '0.00', 10),
(48, '03M', 'Reservas Estatutarias', '0.00', '0.00', 'Titulo', '0.00', '0.00', 10),
(49, '04M', 'Otras Reservas', '0.00', '0.00', 'Titulo', '0.00', '0.00', 10),
(50, '02M', 'CARGOS EN CUENTAS NO MONETARIAS', '0.00', '0.00', 'Titulo', '0.00', '0.00', 14),
(51, '04', 'ABONOS EN CUENTAS NO MONETARIAS', '0.00', '0.00', 'Titulo', '0.00', '0.00', 19);


INSERT INTO `plancuentacompuesta` (`Id`, `Codigo`, `NombreCuenta`, `Moneda`, `Valor`, `Nivel`, `Debe`, `Haber`, `PlanCuentaTituloId`) VALUES
(1, '01', 'CARGOS EN CUENTAS MONETARIAS', '0.00', '0.00', 'Compuesta', '0.00', '0.00', 31),
(3, 'M01', 'ABONOS EN CUENTAS MONETARIAS', '0.00', '0.00', 'Compuesta', '0.00', '0.00', 36),
(4, '01M', 'Billetes y Monedas', '0.00', '0.00', 'Compuesta', '0.00', '0.00', 1),
(5, '01M', 'Inversiones Financieras', '0.00', '0.00', 'Compuesta', '0.00', '0.00', 2),
(6, '01M', 'Cuentas por Cobrar', '0.00', '0.00', 'Compuesta', '0.00', '0.00', 3),
(7, '02M', 'Otras Cuentas por Cobrar a Corto Plazo', '0.00', '0.00', 'Compuesta', '0.00', '0.00', 3),
(8, '03M', 'Cuentas por Cobrar Empresas Relacionadas y/o Vinculadas Corto Plazo', '0.00', '0.00', 'Compuesta', '0.00', '0.00', 3),
(9, '04M', 'Rendimientos de Inversiones por Cobrar Corto Plazo', '0.00', '0.00', 'Compuesta', '0.00', '0.00', 3),
(10, '01M', 'Anticipo a Proveedores', '0.00', '0.00', 'Compuesta', '0.00', '0.00', 4),
(11, '01M', 'Materias primas', '0.00', '0.00', 'Compuesta', '0.00', '0.00', 5),
(12, '02M', 'Productos - Trabajos - Proyectos en Proceso', '0.00', '0.00', 'Compuesta', '0.00', '0.00', 5),
(13, '03M', 'Productos - Trabajos - Proyectos en Proceso', '0.00', '0.00', 'Compuesta', '0.00', '0.00', 5),
(14, '04M', 'Mercadería para la Reventa', '0.00', '0.00', 'Compuesta', '0.00', '0.00', 5),
(15, '05M', 'Materiales y Suministros', '0.00', '0.00', 'Compuesta', '0.00', '0.00', 5),
(16, '06M', 'Mercadería en Tránsito', '0.00', '0.00', 'Compuesta', '0.00', '0.00', 5),
(17, '07M', 'Previsión por Obsolescencia', '0.00', '0.00', 'Compuesta', '0.00', '0.00', 5),
(18, '08M', 'Otros', '0.00', '0.00', 'Compuesta', '0.00', '0.00', 5),
(19, '01M', 'Servicios', '0.00', '0.00', 'Compuesta', '0.00', '0.00', 37),
(20, '02M', 'Seguros', '0.00', '0.00', 'Compuesta', '0.00', '0.00', 37),
(21, '03M', 'Anticipo del IT', '0.00', '0.00', 'Compuesta', '0.00', '0.00', 37),
(22, '04M', 'Otros', '0.00', '0.00', 'Compuesta', '0.00', '0.00', 37),
(23, '01M', 'Otros Activos', '0.00', '0.00', 'Compuesta', '0.00', '0.00', 38),
(24, '02M', 'Intereses por Pagar', '0.00', '0.00', 'Compuesta', '0.00', '0.00', 6),
(25, '02M', 'Otras Cuentas por Pagar a Largo Plazo', '0.00', '0.00', 'Compuesta', '0.00', '0.00', 6),
(26, '03M', 'Otros', '0.00', '0.00', 'Compuesta', '0.00', '0.00', 7),
(27, '01M', 'Otros Pasivos', '0.00', '0.00', 'Compuesta', '0.00', '0.00', 8),
(28, '05M', 'Previsión para Indemnización', '0.00', '0.00', 'Compuesta', '0.00', '0.00', 8),
(29, '03M', 'Cuentas por Cobrar Empresas Relacionadas y/o Vinculadas Largo Plazo', '0.00', '0.00', 'Compuesta', '0.00', '0.00', 8),
(30, '04M', 'Rendimientos de Inversiones por Cobrar Largo Plazo', '0.00', '0.00', 'Compuesta', '0.00', '0.00', 8),
(31, '01M', 'Terrenos', '0.00', '0.00', 'Compuesta', '0.00', '0.00', 9),
(32, 'M02', 'Servicios', '0.00', '0.00', 'Compuesta', '0.00', '0.00', 9),
(33, 'M02', 'Costos por Servicios', '0.00', '0.00', 'Compuesta', '0.00', '0.00', 9),
(34, '04M', 'Muebles y Enseres', '0.00', '0.00', 'Compuesta', '0.00', '0.00', 9),
(35, '05M', 'Herramientas', '0.00', '0.00', 'Compuesta', '0.00', '0.00', 9),
(36, '06M', 'Vehiculos', '0.00', '0.00', 'Compuesta', '0.00', '0.00', 9),
(37, '07M', 'Equipos de Computaciòn', '0.00', '0.00', 'Compuesta', '0.00', '0.00', 9),
(38, '08M', 'Obras en Construcción', '0.00', '0.00', 'Compuesta', '0.00', '0.00', 9),
(39, '09M', 'Maquinaria en Tránsito', '0.00', '0.00', 'Compuesta', '0.00', '0.00', 9),
(40, '01M', 'Planta y Equipo', '0.00', '0.00', 'Compuesta', '0.00', '0.00', 10),
(41, '02M', 'Vehículos', '0.00', '0.00', 'Compuesta', '0.00', '0.00', 10),
(42, '03M', 'Equipos de Computaciòn', '0.00', '0.00', 'Compuesta', '0.00', '0.00', 10),
(43, '04M', 'Muebles y Equipos de Oficina', '0.00', '0.00', 'Compuesta', '0.00', '0.00', 10),
(44, '05M', 'Otros', '0.00', '0.00', 'Compuesta', '0.00', '0.00', 10),
(45, '01M', 'Concesiones', '0.00', '0.00', 'Compuesta', '0.00', '0.00', 11),
(46, '02M', 'Derecho de Llave', '0.00', '0.00', 'Compuesta', '0.00', '0.00', 11),
(47, '03M', 'Marcas de Fábrica', '0.00', '0.00', 'Compuesta', '0.00', '0.00', 11),
(48, '04M', 'Patentes', '0.00', '0.00', 'Compuesta', '0.00', '0.00', 11),
(49, '05M', 'Software Computacional', '0.00', '0.00', 'Compuesta', '0.00', '0.00', 11),
(50, '0103', 'Préstamos Bancarios', '0.00', '0.00', 'Compuesta', '0.00', '0.00', 11),
(51, 'M0103', 'Préstamos Bancarios', '0.00', '0.00', 'Compuesta', '0.00', '0.00', 12),
(52, '02M', 'Gastos de Organización', '0.00', '0.00', 'Compuesta', '0.00', '0.00', 12),
(53, '03M', 'Estudios y Proyectos', '0.00', '0.00', 'Compuesta', '0.00', '0.00', 12),
(54, '04M', 'Refacción y Mejorías', '0.00', '0.00', 'Compuesta', '0.00', '0.00', 12),
(55, '05M', 'Otros Cargos Diferidos', '0.00', '0.00', 'Compuesta', '0.00', '0.00', 12),
(56, '01M', 'Otros Activos', '0.00', '0.00', 'Compuesta', '0.00', '0.00', 39),
(57, '01M', 'Deudas Comerciales', '0.00', '0.00', 'Compuesta', '0.00', '0.00', 13),
(58, '02M', 'Proveedores', '0.00', '0.00', 'Compuesta', '0.00', '0.00', 13),
(59, '03M', 'Deudas por Pagar', '0.00', '0.00', 'Compuesta', '0.00', '0.00', 13),
(60, '04M', 'Documentos por Pagar', '0.00', '0.00', 'Compuesta', '0.00', '0.00', 13),
(61, '05M', 'Intereses por Pagar', '0.00', '0.00', 'Compuesta', '0.00', '0.00', 13),
(62, '06M', 'Otros', '0.00', '0.00', 'Compuesta', '0.00', '0.00', 13),
(63, '01M', 'Bancos', '0.00', '0.00', 'Compuesta', '0.00', '0.00', 14),
(64, '02M', 'Documentos por Pagar a Terceros', '0.00', '0.00', 'Compuesta', '0.00', '0.00', 14),
(65, '03M', 'Documentos por Pagar Accionistas', '0.00', '0.00', 'Compuesta', '0.00', '0.00', 14),
(66, '04M', 'Arrendamiento por Pagar', '0.00', '0.00', 'Compuesta', '0.00', '0.00', 14),
(67, '05M', 'Bonos de Prenda', '0.00', '0.00', 'Compuesta', '0.00', '0.00', 14),
(68, '06M', 'Intereses por Pagar', '0.00', '0.00', 'Compuesta', '0.00', '0.00', 14),
(69, '01M', 'Emisiones', '0.00', '0.00', 'Compuesta', '0.00', '0.00', 15),
(70, '02M', 'Rendimientos por Pagar', '0.00', '0.00', 'Compuesta', '0.00', '0.00', 15),
(71, '01M', 'Empresas', '0.00', '0.00', 'Compuesta', '0.00', '0.00', 16),
(72, '02M', 'Intereses por Pagar', '0.00', '0.00', 'Compuesta', '0.00', '0.00', 16),
(73, '01M', 'Aportes y Retenciones a Corto Plazo', '0.00', '0.00', 'Compuesta', '0.00', '0.00', 17),
(74, '02M', 'Otras Cuentas por Pagar a Corto Plazo', '0.00', '0.00', 'Compuesta', '0.00', '0.00', 17),
(75, '01M', 'Por Servicios', '0.00', '0.00', 'Compuesta', '0.00', '0.00', 18),
(76, '02M', 'Alquileres', '0.00', '0.00', 'Compuesta', '0.00', '0.00', 18),
(77, '03M', 'Otros', '0.00', '0.00', 'Compuesta', '0.00', '0.00', 18),
(78, '01M', 'Anticipos Recibidos', '0.00', '0.00', 'Compuesta', '0.00', '0.00', 19),
(79, '01M', 'Otros Pasivos', '0.00', '0.00', 'Compuesta', '0.00', '0.00', 20),
(80, '01M', 'Proveedores', '0.00', '0.00', 'Compuesta', '0.00', '0.00', 21),
(81, '02M', 'Deudas por Pagar', '0.00', '0.00', 'Compuesta', '0.00', '0.00', 21),
(82, '03M', 'Documentos por Pagar', '0.00', '0.00', 'Compuesta', '0.00', '0.00', 21),
(83, '04M', 'Intereses por Pagar', '0.00', '0.00', 'Compuesta', '0.00', '0.00', 21),
(84, '05M', 'Otros', '0.00', '0.00', 'Compuesta', '0.00', '0.00', 21),
(85, '01M', 'Bancos', '0.00', '0.00', 'Compuesta', '0.00', '0.00', 22),
(86, '02M', 'Documentos por Pagar a Terceros', '0.00', '0.00', 'Compuesta', '0.00', '0.00', 22),
(87, '03M', 'Documentos por Pagar Accionistas', '0.00', '0.00', 'Compuesta', '0.00', '0.00', 22),
(88, '04M', 'Arrendamiento por Pagar', '0.00', '0.00', 'Compuesta', '0.00', '0.00', 22),
(89, '05M', 'Bonos de Prenda', '0.00', '0.00', 'Compuesta', '0.00', '0.00', 22),
(90, '06M', 'Intereses por Pagar', '0.00', '0.00', 'Compuesta', '0.00', '0.00', 22),
(91, '01M', 'Emisiones', '0.00', '0.00', 'Compuesta', '0.00', '0.00', 23),
(92, '02M', 'Rendimientos por Pagar', '0.00', '0.00', 'Compuesta', '0.00', '0.00', 23),
(93, '01M', 'Empresa A', '0.00', '0.00', 'Compuesta', '0.00', '0.00', 24),
(94, '02M', 'Intereses por Pagar', '0.00', '0.00', 'Compuesta', '0.00', '0.00', 24),
(95, '01M', 'Aportes y Retenciones a Largo Plazo', '0.00', '0.00', 'Compuesta', '0.00', '0.00', 25),
(96, '02M', 'Otras Cuentas por Pagar a Largo Plazo', '0.00', '0.00', 'Compuesta', '0.00', '0.00', 25),
(97, '01M', 'Por Servicios', '0.00', '0.00', 'Compuesta', '0.00', '0.00', 26),
(98, '02M', 'Alquileres', '0.00', '0.00', 'Compuesta', '0.00', '0.00', 26),
(99, '03M', 'Otros', '0.00', '0.00', 'Compuesta', '0.00', '0.00', 26),
(100, '01M', 'Otros Pasivos', '0.00', '0.00', 'Compuesta', '0.00', '0.00', 27),
(101, '01M', 'Previsiones para Vacaciones', '0.00', '0.00', 'Compuesta', '0.00', '0.00', 28),
(102, '02M', 'Previsiones para Honorarios', '0.00', '0.00', 'Compuesta', '0.00', '0.00', 28),
(103, '03M', 'Previsión para el Pasivo Ambiental', '0.00', '0.00', 'Compuesta', '0.00', '0.00', 28),
(104, '04M', 'Otros', '0.00', '0.00', 'Compuesta', '0.00', '0.00', 28),
(105, '05M', 'Previsión para Indemnización', '0.00', '0.00', 'Compuesta', '0.00', '0.00', 28),
(106, 'M01', 'Ventas', '0.00', '0.00', 'Compuesta', '0.00', '0.00', 32),
(107, 'M02', 'Servicios', '0.00', '0.00', 'Compuesta', '0.00', '0.00', 32),
(108, 'M01', 'Costos por Ventas', '0.00', '0.00', 'Compuesta', '0.00', '0.00', 33),
(109, 'M02', 'Costos por Servicios', '0.00', '0.00', 'Compuesta', '0.00', '0.00', 33),
(110, '0101', 'Inventarios', '0.00', '0.00', 'Compuesta', '0.00', '0.00', 50),
(111, '0102', 'Activo fijo', '0.00', '0.00', 'Compuesta', '0.00', '0.00', 50),
(112, '0103', 'Préstamos Bancarios', '0.00', '0.00', 'Compuesta', '0.00', '0.00', 50),
(113, 'M0101', 'Inventarios', '0.00', '0.00', 'Compuesta', '0.00', '0.00', 51),
(114, 'M0102', 'Activo Fijo', '0.00', '0.00', 'Compuesta', '0.00', '0.00', 51),
(115, 'M0103', 'Préstamos Bancarios', '0.00', '0.00', 'Compuesta', '0.00', '0.00', 51);

INSERT INTO `plancuentasubcuenta` (`Id`, `Codigo`, `NombreCuenta`, `Moneda`, `Valor`, `Nivel`, `Debe`, `Haber`, `PlanCuentaCompuestaId`) VALUES
(1, '01', 'Efectivo', 1, '1.00', 'SubCuenta', '0.00', '0.00', 4),
(2, '02', 'Bancos', 1, '1.00', 'SubCuenta', '0.00', '0.00', 4),
(3, '03', 'Fondo Fijo de Caja Chica', 1, '1.00', 'SubCuenta', '0.00', '0.00', 4),
(4, '01', 'Depósitos a plazo fijo', 1, '1.00', 'SubCuenta', '0.00', '0.00', 5),
(5, '02', 'Bonos', 1, '1.00', 'SubCuenta', '0.00', '0.00', 5),
(6, '03', 'Letras TGN', 1, '1.00', 'SubCuenta', '0.00', '0.00', 5),
(7, '04', 'CD´s', 1, '1.00', 'SubCuenta', '0.00', '0.00', 5),
(8, '05', 'CDD`s del BCB', 1, '1.00', 'SubCuenta', '0.00', '0.00', 5),
(9, '06', 'Pagarés', 1, '1.00', 'SubCuenta', '0.00', '0.00', 5),
(10, '07', 'Letras de Cambio', 1, '1.00', 'SubCuenta', '0.00', '0.00', 5),
(11, '08', 'Facturas Cambiarias', 1, '1.00', 'SubCuenta', '0.00', '0.00', 5),
(12, '09', 'Operaciones de Reporto', 1, '1.00', 'SubCuenta', '0.00', '0.00', 5),
(13, '10', 'Fondos de Inversión', 1, '1.00', 'SubCuenta', '0.00', '0.00', 5),
(14, '11', 'Notas de Cédito Fiscal', 1, '1.00', 'SubCuenta', '0.00', '0.00', 5),
(15, '12', 'Otras Inversiones Financieras', 1, '1.00', 'SubCuenta', '0.00', '0.00', 5),
(16, '01', 'Cuentas por Cobrar Comerciales', 1, '1.00', 'SubCuenta', '0.00', '0.00', 6),
(17, '02', 'Documentos por Cobrar Comerciales', 1, '1.00', 'SubCuenta', '0.00', '0.00', 6),
(18, '03', 'Documentos Descontados', 1, '1.00', 'SubCuenta', '0.00', '0.00', 6),
(19, '04', 'Cuentas por Cobrar en Mora Comerciales', 1, '1.00', 'SubCuenta', '0.00', '0.00', 6),
(20, '05', 'Provision por Cuentas por Cobrar Incobrables', 1, '1.00', 'SubCuenta', '0.00', '0.00', 6),
(21, '01', 'Cuentas por Cobrar Personales', 1, '1.00', 'SubCuenta', '0.00', '0.00', 7),
(22, '02', 'Cuentas por Cobrar a Socios', 1, '1.00', 'SubCuenta', '0.00', '0.00', 7),
(23, '03', 'Impuestos Diferidos', 1, '1.00', 'SubCuenta', '0.00', '0.00', 7),
(24, '04', 'Intereses y Comisiones Diferidos', 1, '1.00', 'SubCuenta', '0.00', '0.00', 7),
(25, '05', 'Depósitos en Garanía', 1, '1.00', 'SubCuenta', '0.00', '0.00', 7),
(26, '06', 'Impuestos por Cobrar', 1, '1.00', 'SubCuenta', '0.00', '0.00', 7),
(27, '07', 'Otras Cuentas por Cobrar', 1, '1.00', 'SubCuenta', '0.00', '0.00', 7),
(28, '01', 'Rendimientos de Inversiones por Cobrar Bonos', 1, '1.00', 'SubCuenta', '0.00', '0.00', 9),
(29, '02', 'Rendimientos de Inversiones por Cobrar DPF´s', 1, '1.00', 'SubCuenta', '0.00', '0.00', 9),
(30, '03', 'Rendimientos de Inversiones por Cobrar Otros', 1, '1.00', 'SubCuenta', '0.00', '0.00', 9),
(31, '01', 'Depósitos a Plazo Fijo', 1, '1.00', 'SubCuenta', '0.00', '0.00', 24),
(32, '02', 'Bonos', 1, '1.00', 'SubCuenta', '0.00', '0.00', 24),
(33, '03', 'Letras TGN', 1, '1.00', 'SubCuenta', '0.00', '0.00', 24),
(34, '04', 'CD´s', 1, '1.00', 'SubCuenta', '0.00', '0.00', 24),
(35, '05', 'CDD´s', 1, '1.00', 'SubCuenta', '0.00', '0.00', 24),
(36, '06', 'Pagarés', 1, '1.00', 'SubCuenta', '0.00', '0.00', 24),
(37, '07', 'Letras de Cambio', 1, '1.00', 'SubCuenta', '0.00', '0.00', 24),
(38, '08', 'Facturas Cambiarias', 1, '1.00', 'SubCuenta', '0.00', '0.00', 24),
(39, '09', 'Operaciones de Reporto', 1, '1.00', 'SubCuenta', '0.00', '0.00', 24),
(40, '10', 'Fondos de Inversión', 1, '1.00', 'SubCuenta', '0.00', '0.00', 24),
(41, '11', 'Notas de Cédito Fiscal', 1, '1.00', 'SubCuenta', '0.00', '0.00', 24),
(42, '12', 'Acciones', 1, '1.00', 'SubCuenta', '0.00', '0.00', 24),
(43, '13', 'Otras Inversiones Financieras', 1, '1.00', 'SubCuenta', '0.00', '0.00', 24),
(44, '01', 'Inversiones en Empresas de Servicios', 1, '1.00', 'SubCuenta', '0.00', '0.00', 25),
(45, '02', 'Otras Inversiones a Largo Plazo', 1, '1.00', 'SubCuenta', '0.00', '0.00', 25),
(46, '03', 'Otras Inversiones (Terrenos y Edificios)', 1, '1.00', 'SubCuenta', '0.00', '0.00', 25),
(47, '04', 'Previsión para desvalorización de inversiones', 1, '1.00', 'SubCuenta', '0.00', '0.00', 25),
(48, '05', 'Previsión para desvalorización de inversiones', 1, '1.00', 'SubCuenta', '0.00', '0.00', 25),
(49, '01', 'Cuentas por Cobrar Comerciales', 1, '1.00', 'SubCuenta', '0.00', '0.00', 27),
(50, '02', 'Documentos por Cobrar Comerciales', 1, '1.00', 'SubCuenta', '0.00', '0.00', 27),
(51, '03', 'Documentos Descontados', 1, '1.00', 'SubCuenta', '0.00', '0.00', 27),
(52, '04', 'Cuentas por Cobrar en Mora Comerciales', 1, '1.00', 'SubCuenta', '0.00', '0.00', 27),
(53, '05', 'Prevision por Cuentas por Cobrar Incobrables', 1, '1.00', 'SubCuenta', '0.00', '0.00', 27),
(54, '01', 'Cuentas por Cobrar Personales', 1, '1.00', 'SubCuenta', '0.00', '0.00', 28),
(55, '02', 'Cuentas por Cobrar a Socios', 1, '1.00', 'SubCuenta', '0.00', '0.00', 28),
(56, '03', 'Impuestos Diferidos', 1, '1.00', 'SubCuenta', '0.00', '0.00', 28),
(57, '04', 'Intereses y Comisiones Diferidos', 1, '1.00', 'SubCuenta', '0.00', '0.00', 28),
(58, '05', 'Otras Cuentas por Cobrar', 1, '1.00', 'SubCuenta', '0.00', '0.00', 28),
(60, '01', 'Rendimientos de Inversiones por Cobrar Bonos', 1, '1.00', 'SubCuenta', '0.00', '0.00', 30),
(61, '02', 'Rendimientos de Inversiones por Cobrar DPF´s', 1, '1.00', 'SubCuenta', '0.00', '0.00', 30),
(62, '03', 'Rendimientos de inversiones por Cobrar Otros', 1, '1.00', 'SubCuenta', '0.00', '0.00', 30),
(63, '01', 'Obligaciones Sociales', 1, '1.00', 'SubCuenta', '0.00', '0.00', 73),
(64, '02', 'Obligaciones Fiscales', 1, '1.00', 'SubCuenta', '0.00', '0.00', 73),
(65, '03', 'Obligaciones con el Personal', 1, '1.00', 'SubCuenta', '0.00', '0.00', 73),
(66, '04', 'Otros Aportes por Pagar', 1, '1.00', 'SubCuenta', '0.00', '0.00', 73),
(67, '01', 'Intereses y Comisiones por Pagar', 1, '1.00', 'SubCuenta', '0.00', '0.00', 74),
(68, '02', 'Obligaciones con los Accionistas', 1, '1.00', 'SubCuenta', '0.00', '0.00', 74),
(69, '03', 'Dividendos por Pagar', 1, '1.00', 'SubCuenta', '0.00', '0.00', 74),
(70, '04', 'Provisiones', 1, '1.00', 'SubCuenta', '0.00', '0.00', 74),
(71, '05', 'Acreedores Varios', 1, '1.00', 'SubCuenta', '0.00', '0.00', 74),
(72, '01', 'Obligaciones Sociales', 1, '1.00', 'SubCuenta', '0.00', '0.00', 95),
(73, '02', 'Obligaciones Fiscales', 1, '1.00', 'SubCuenta', '0.00', '0.00', 95),
(74, '03', 'Obligaciones con el Personal', 1, '1.00', 'SubCuenta', '0.00', '0.00', 95),
(75, '04', 'Otros Aportes por Pagar', 1, '1.00', 'SubCuenta', '0.00', '0.00', 95),
(76, '01', 'Intereses y comisiones por Pagar', 1, '1.00', 'SubCuenta', '0.00', '0.00', 96),
(77, '02', 'Obligaciones con los Accionistas', 1, '1.00', 'SubCuenta', '0.00', '0.00', 96),
(78, '03', 'Dividendos por Pagar', 1, '1.00', 'SubCuenta', '0.00', '0.00', 96),
(79, '04', 'Provisiones', 1, '1.00', 'SubCuenta', '0.00', '0.00', 96),
(80, '05', 'Acreedores Varios', 1, '1.00', 'SubCuenta', '0.00', '0.00', 96),
(81, '01', 'Disponibilidades', 1, '1.00', 'SubCuenta', '0.00', '0.00', 1),
(82, '02', 'Depósitos a plazo fijo', 1, '1.00', 'SubCuenta', '0.00', '0.00', 1),
(83, '03', 'Instrumentos Financieros', 1, '1.00', 'SubCuenta', '0.00', '0.00', 1),
(84, '04', 'Cuentas por Cobrar', 1, '1.00', 'SubCuenta', '0.00', '0.00', 1),
(85, '05', 'Cuentas por cobrar con Empresas Relacionadas no controladas', 1, '1.00', 'SubCuenta', '0.00', '0.00', 1),
(86, '06', 'Deudas Comerciales', 1, '1.00', 'SubCuenta', '0.00', '0.00', 1),
(87, '07', 'Deudas con Empresas RElacionadas', 1, '1.00', 'SubCuenta', '0.00', '0.00', 1),
(88, '01', 'Disponibilidades', 1, '1.00', 'SubCuenta', '0.00', '0.00', 3),
(89, '02', 'Depósitos a plazo fijo', 1, '1.00', 'SubCuenta', '0.00', '0.00', 3),
(90, '03', 'Instrumentos Financieros', 1, '1.00', 'SubCuenta', '0.00', '0.00', 3),
(91, '04', 'Cuentas por Cobrar', 1, '1.00', 'SubCuenta', '0.00', '0.00', 3),
(92, '05', 'Cuentas por Cobrar con Emp. Rel. no controladas', 1, '1.00', 'SubCuenta', '0.00', '0.00', 3),
(93, '06', 'Deudas Comerciales', 1, '1.00', 'SubCuenta', '0.00', '0.00', 3),
(94, '07', 'Deudas con empresas Relacionadas', 1, '1.00', 'SubCuenta', '0.00', '0.00', 3);